,task_form,count,mean_mnli_human_right,mean_mnli_human_false,mean_simple_human_right,mean_simple_human_false,succes_human,succes_mnli_00,succes_simple_0.9999965,implicatur
0,AA1,82,0.8048780487804879,0.09090909090909091,0.5853658536585366,0.09090909090909091,0.7884615384615384,0.8846153846153846,0.7980769230769231,False
1,AA2,69,0.3188405797101449,0.4,0.36231884057971014,0.5333333333333333,0.696969696969697,0.494949494949495,0.4545454545454545,False
2,AA4,31,0.0,0.5,0.06451612903225806,0.37142857142857144,0.3069306930693069,0.0,0.1485148514851485,True
3,AE1,91,0.7032967032967034,0.0,0.03296703296703297,0.0,0.8921568627450981,1.0,0.0686274509803921,False
4,AE2,12,0.0,0.3409090909090909,0.08333333333333333,0.011363636363636364,0.12,0.0,0.01,True
5,AE3,80,0.45,0.0,0.0125,0.05263157894736842,0.8080808080808081,1.0,0.0404040404040404,False
6,AE4,20,0.0,0.35,0.0,0.0125,0.2,0.0,0.02,True
7,AI2,83,0.10843373493975904,0.2,0.42168674698795183,0.0,0.8058252427184466,0.3786407766990291,0.7378640776699029,False
8,AI4,78,0.6410256410256411,0.043478260869565216,0.5128205128205128,0.08695652173913043,0.7722772277227723,0.8910891089108911,0.7326732673267327,False
9,AO3,32,0.875,0.014925373134328358,0.125,0.14925373134328357,0.3232323232323232,0.9191919191919192,0.1313131313131313,False
10,AO4,58,0.9137931034482759,0.0,0.22413793103448276,0.13157894736842105,0.6041666666666666,0.8854166666666666,0.2708333333333333,False
11,EA1,5,0.0,0.14893617021276595,0.0,0.0425531914893617,0.0505050505050505,0.0101010101010101,0.0101010101010101,True
12,EA2,93,0.34408602150537637,0.0,0.0,0.08333333333333333,0.8857142857142857,0.9809523809523808,0.0095238095238095,False
13,EA3,84,0.34523809523809523,0.06666666666666667,0.0,0.0,0.8484848484848485,0.9393939393939394,0.0202020202020202,False
14,EA4,11,0.0,0.33695652173913043,0.0,0.010869565217391304,0.1067961165048543,0.0,0.0097087378640776,True
15,EI1,21,0.5238095238095238,0.05063291139240506,0.0,0.06329113924050633,0.21,0.6,0.01,False
16,EI2,44,0.5227272727272727,0.015873015873015872,0.045454545454545456,0.1111111111111111,0.411214953271028,0.5607476635514018,0.0373831775700934,False
17,EI3,29,0.20689655172413793,0.08333333333333333,0.06896551724137931,0.08333333333333333,0.2871287128712871,0.198019801980198,0.0198019801980198,False
18,EI4,26,0.6923076923076923,0.04054054054054054,0.0,0.0945945945945946,0.26,0.75,0.01,False
19,IA1,65,0.2,0.10714285714285714,0.676923076923077,0.14285714285714285,0.6989247311827957,0.5806451612903226,0.6989247311827957,False
20,IA4,34,0.38235294117647056,0.2,0.5882352941176471,0.16666666666666666,0.3617021276595745,0.425531914893617,0.6382978723404256,False
21,IE1,37,0.13513513513513514,0.203125,0.0,0.09375,0.3663366336633663,0.1485148514851485,0.0099009900990099,False
22,IE2,12,0.0,0.21428571428571427,0.0,0.05952380952380952,0.125,0.03125,0.0208333333333333,False
23,IE3,30,0.0,0.2,0.03333333333333333,0.05333333333333334,0.2857142857142857,0.0571428571428571,0.0571428571428571,False
24,IE4,31,0.03225806451612903,0.16666666666666666,0.0,0.14102564102564102,0.2844036697247706,0.036697247706422,0.0275229357798165,False
